shop_name,business_type,owner_name,phone,email,address,city,business_hours,url,domain,site_type,score,grade,reasons
smile-room,不明,,00-8487-6366,intl-segmenter@11.7.10,,,,https://www.smile-room.net/,www.smile-room.net,wix,95,A,wix; no_pricing; no_booking; no_access; no_profile; sns_redirect
横浜市泉区 相鉄線 緑園都市近郊 川崎市高津区 溝の口近郊 おやこサロンYurari（ユラリ）,不明,,,yurari.salon@gmail.com,金／土曜のみ不定期 定休日： 日・祝日 神奈川県横浜市泉区緑園 緑園都市駅徒歩７分 mail. yurari.salon@gmail.com ご予約フォーム・お問合せはこちら＞ プライバシーポリシー,神奈川県,10:00 - 17:00,https://yurari-baby-aroma.com/,yurari-baby-aroma.com,ameblo,85,A,ameblo; no_pricing; no_access; no_profile; sns_redirect
ameblo,不明,,0046209871,info@a-kokoro.com,4706.html どうぞよろしくお願い致します。 アクセス アクセス ※2016年2月に移転いたし,神奈川県,,https://ameblo.jp/musashikosugi-tr/,ameblo.jp,ameblo,70,A,ameblo; no_pricing; no_booking; no_profile
自然はぐくみ療法室,スピリチュアル,,,,,神奈川県,,https://lucky-soul.shopinfo.jp/,lucky-soul.shopinfo.jp,ameblo,70,A,ameblo; no_pricing; no_booking; no_access
東京都のレンタルサロン,エステ,セラピストガーデン,,,セラピストガーデン All Rights Reserved. Designed by 癒しサロンのホ,千代田区,,https://atmark-salon.com/theragarden/tokyo/,atmark-salon.com,wordpress,60,A,wordpress; no_pricing; no_booking
My Site 2,スピリチュアル,痛みとの対話では,0707-4538-8763,intl-segmenter@11.7.10,ugh the menu items. 神奈川県川崎市の ヒプノセラピー・カウンセリング ​ 対面またはzoom セラピールーム「空」 ひとりで悩んでいませんか？ アプローチ法 サービス インナーチャ,神奈川県,,https://www.therapyroom-coo369.com/,www.therapyroom-coo369.com,wix,50,B,wix; no_access
家系学®︎公式ページ,スピリチュアル,,09523809524,kakeigaku.contact@gmail.com,,,,https://kakeigaku-contact.hp.peraichi.com/,kakeigaku-contact.hp.peraichi.com,peraichi,50,B,peraichi; no_booking
MyKOBAKO,ヨガ,久留米市 セラピストスクール,01-13-2026,,川崎市川崎区本町1-10-1-401リュウビマンション 内容 整体サロン トリガーポイント療法及び,神奈川県,10:00〜23:00,https://mykobako.com/relaxation-247/,mykobako.com,wordpress,50,B,wordpress; no_booking
a-kokoro,不明,,,info@a-kokoro.com,川崎市中原区小杉町1丁目520-6 CASA CORDERO 304号 info@a-kokoro.,神奈川県,,https://a-kokoro.com/,a-kokoro.com,wordpress,50,B,wordpress; no_profile
peraichi,エステ,セラピストとして,00897216796,h21s23@yahoo.co.jp,極のリラクゼーション」をあなたに。 【 神奈川県 小田原市 酒匂 】 【 さろんどびい 】 こんな症状はありませんか？ 「体がだるくてやる気がでない」 「最近イライラすることが多いかも」 「肩や首のコ,渋谷区,,https://peraichi.com/landing_pages/view/salondeb,peraichi.com,peraichi,50,B,peraichi; no_access
メンズエステ体験談ブログ 色街diary,ヨガ,熱心なファンも増えて 只今人気急上昇中の注,080-3768-9215,せりな@E.S_DOLL,"3) September 8, 2018 彼女の部屋に遊びに来たようなドキドキ感が楽しめる恵比寿『A",足立区,,https://iromachi.jp/archives/bijin-gaho-06.html,iromachi.jp,lit.link,50,B,lit.link; no_access
カウンセリングルーム でいご,不明,自我状態療法認定セラ ピスト,05645893063,,カウンセリングルーム でいご について 神奈川県川崎市の登戸駅から徒歩5分の場所にあり、オンラインでの心理療法もご提供しますカウンセリングルームです。（心理療法によっては対面のみの場合もあります） ご,神奈川県,,https://deigo-room.com/,deigo-room.com,wordpress,40,B,wordpress
川崎 隠れ家サロン 腸セラピー 腸もみサロン,エステ,当サロンは,,xxxx@example.com,伝え致します 住所 〒２１０－０８４５ 神奈川県川崎市川崎区渡田山王町１８－１１ 美容室ソワドソワの別館 アクセス方法 川崎駅から 臨港バスにて10分 臨港バ 京町循環２８にて美容室ソワドソワ前にて下,神奈川県,,https://mahana-tiare.hp.peraichi.com/,mahana-tiare.hp.peraichi.com,peraichi,40,B,peraichi
温活リラクゼーションサロン LUNASOL,マッサージ,,070-8970-7018,,-7018 お問い合わせ24時間受付中！ 公式LINEからお問い合わせ Instagram inte,神奈川県,9:00~19:00,https://lunasol.hp.peraichi.com/,lunasol.hp.peraichi.com,peraichi,40,B,peraichi
オレンジ物語,スピリチュアル,チャクラキネシ,09013-2-500,therapy@orange810.com,オレンジ物語. メニュー 初めての方へ キネシカウンセリング 講座 セルフセラピーカードお茶会 カー,江東区,,https://orange810.com/access,orange810.com,ameblo,40,B,ameblo
atelier-truehappiness,エステ,,09098018987,,-8987 JR川崎駅東口より徒歩5分 10:00～21:00 （最終予約受付時間19:00） 不定,神奈川県,,https://atelier-truehappiness.com/,atelier-truehappiness.com,wordpress,40,B,wordpress
川崎こころのケアセンター,不明,,044-767-0682,info@kawasaki-pcc.com,​※電話受付時間： 9時～20時 ​ E-mai ： info@kawasaki-pcc.com T,神奈川県,,https://www.kawasaki-pcc.com/,www.kawasaki-pcc.com,wix,40,B,wix
kokoronoclinic,不明,,044-733-9510,kclinic@star7.jpへの空メールの送信からでも会員登録,受付時間は心のクリニック武蔵小杉の開院時間に準ずる 心のクリニック・カウンセリングルームまで。 お願,神奈川県,,https://kokoronoclinic.net/musashikosugi/counseling/,kokoronoclinic.net,wordpress,40,B,wordpress
toto-raku | ハイパーエナジーセラピー導入のプライベートサロン,エステ,,070-3841-5321,,-5321 About 自律神経を整えることで 不調に根本からアプローチ 「整えること」で、わたしを,神奈川県,,https://www.toto-raku.jp/,www.toto-raku.jp,wordpress,40,B,wordpress
