shop_name,business_type,owner_name,phone,email,address,city,business_hours,url,domain,site_type,score,grade,reasons
横浜市泉区 相鉄線 緑園都市近郊 川崎市高津区 溝の口近郊 おやこサロンYurari（ユラリ）,不明,,,yurari.salon@gmail.com,金／土曜のみ不定期 定休日： 日・祝日 神奈川県横浜市泉区緑園 緑園都市駅徒歩７分 mail. yurari.salon@gmail.com ご予約フォーム・お問合せはこちら＞ プライバシーポリシー,神奈川県,10:00 - 17:00,https://yurari-baby-aroma.com/,yurari-baby-aroma.com,ameblo,85,A,ameblo; no_pricing; no_access; no_profile; sns_redirect
ameblo,不明,,0046209871,info@a-kokoro.com,4706.html どうぞよろしくお願い致します。 アクセス アクセス ※2016年2月に移転いたし,神奈川県,,https://ameblo.jp/musashikosugi-tr/,ameblo.jp,ameblo,70,A,ameblo; no_pricing; no_booking; no_profile
自然はぐくみ療法室,スピリチュアル,,,,,神奈川県,,https://lucky-soul.shopinfo.jp/,lucky-soul.shopinfo.jp,ameblo,70,A,ameblo; no_pricing; no_booking; no_access
東京都のレンタルサロン,エステ,セラピストガーデン,,,セラピストガーデン All Rights Reserved. Designed by 癒しサロンのホ,千代田区,,https://atmark-salon.com/theragarden/tokyo/,atmark-salon.com,wordpress,60,A,wordpress; no_pricing; no_booking
メンズエステ体験談・口コミ投稿サイト 男のお得情報局,エステ,本体験談に掲載出来て いない情報や,023-09-0815,mensinformation.otoko@gmail.com,町メンエス『LIRICA OSAKA』 東京都福生市メンエス『NATURA(ナチュラ)』 神奈川県相模原メンズエステ『NeoNATURA』 メンズエステ人気ランキング[エリア別TOP10] カテゴリー,中央区,,https://mensinformation.net/kanagawa/mans-preasure-spa-kawasaki1/,mensinformation.net,wordpress,60,A,wordpress; no_booking; no_access
メディカルプライベートサロン,マッサージ,深眠,076-4753-8303,intl-segmenter@11.7.10,,川崎市,,https://www.lamano-medical.com/price,www.lamano-medical.com,wix,60,A,wix; no_booking; no_access
脊椎セラピーサロンフェリシモ,ヘアサロン,,044-888-9553,intl-segmenter@11.7.10,神奈川県川崎市高津区下作延3-18-2 地下1階 電話番号： 044-888-9553 ※美容室テレ,神奈川県,,https://www.therese-hair.com/,www.therese-hair.com,wix,60,A,wix; no_booking; no_profile
My Site 2,スピリチュアル,痛みとの対話では,0707-4538-8763,intl-segmenter@11.7.10,ugh the menu items. 神奈川県川崎市の ヒプノセラピー・カウンセリング ​ 対面またはzoom セラピールーム「空」 ひとりで悩んでいませんか？ アプローチ法 サービス インナーチャ,神奈川県,,https://www.therapyroom-coo369.com/,www.therapyroom-coo369.com,wix,50,B,wix; no_access
a-kokoro,不明,,,info@a-kokoro.com,川崎市中原区小杉町1丁目520-6 CASA CORDERO 304号 info@a-kokoro.,神奈川県,,https://a-kokoro.com/,a-kokoro.com,wordpress,50,B,wordpress; no_profile
家系学®︎公式ページ,スピリチュアル,,09523809524,kakeigaku.contact@gmail.com,,,,https://kakeigaku-contact.hp.peraichi.com/,kakeigaku-contact.hp.peraichi.com,peraichi,50,B,peraichi; no_booking
自然療法専門サロン,エステ,オーナー セラピスト,080-3040-4088,,オーナー セラピスト 【松崎 ゆかり】 セラピスト歴：22年 【資格・会員】 ・JAAアロマセラピス,,10:00〜21:00,https://peraichi.com/landing_pages/view/forever2013,peraichi.com,peraichi,50,B,peraichi; no_access
心と体のいやしサロンORISA～オリサ～,マッサージ,,02009170000,orisaorisa.kenkoubi@gmail.com,心と体のセラピーサロン｜川崎市高津区のヒーリングサロンならオリサ 心と体のいやしサロン ORISA～オリサ～ 「心と体の繋がり」・・・心と体のヒーリングで今ここに在り続ける私 ボディ・,川崎市,,https://orisaorisa.com/,orisaorisa.com,ameblo,50,B,ameblo; no_access
メンズエステ体験談ブログ 色街diary,ヨガ,熱心なファンも増えて 只今人気急上昇中の注,080-3768-9215,せりな@E.S_DOLL,"3) September 8, 2018 彼女の部屋に遊びに来たようなドキドキ感が楽しめる恵比寿『A",足立区,,https://iromachi.jp/archives/bijin-gaho-06.html,iromachi.jp,lit.link,50,B,lit.link; no_access
神奈川の障がい者就職支援なら【ルミノーゾ川崎登戸・ルミノーゾ川崎宮前平】就労移行支援事業所,ヨガ,志賀萌,044-750-7734,,受付時間：月～土 9:00~18:00 川崎 宮前平 044-750-7734 受付時間：月～土 9,世田谷区,9:00~18:00,https://www.luminoso-kawasaki.org/blog/question/488/,www.luminoso-kawasaki.org,wordpress,40,B,wordpress
こころの相談室 SmileRoom,スピリチュアル,代表ご挨拶,090-5788-4585,cs.smileroom@gmail.com,-4585 mail： cs.smileroom@gmail.com お問い合わせ CONTACT,東京都,,https://www.smile-room.net/,www.smile-room.net,wix,40,B,wix
川崎 隠れ家サロン 腸セラピー 腸もみサロン,エステ,当サロンは,07616335299,xxxx@example.com,伝え致します 住所 〒２１０－０８４５ 神奈川県川崎市川崎区渡田山王町１８－１１ 美容室ソワドソワの別館 アクセス方法 川崎駅から 臨港バスにて10分 臨港バ 京町循環２８にて美容室ソワドソワ前にて下,神奈川県,,https://mahana-tiare.hp.peraichi.com/,mahana-tiare.hp.peraichi.com,peraichi,40,B,peraichi
en,マッサージ,,076-4753-8303,en.salon0321@gmail.com,,川崎市,,https://www.en0321.com/,www.en0321.com,wix,40,B,wix
さんもんブログ,不明,,08369980638,,神奈川県川崎市川崎区元木一丁目２−４ 営業時間 9：00～17：00 定休日 日曜日、祝日 ※202,千代田区,,https://3mon.net/food/domototaishimaki/,3mon.net,wordpress,40,B,wordpress
atelier-truehappiness,エステ,,09098018987,,-8987 JR川崎駅東口より徒歩5分 10:00～21:00 （最終予約受付時間19:00） 不定,神奈川県,,https://atelier-truehappiness.com/,atelier-truehappiness.com,wordpress,40,B,wordpress
温活リラクゼーションサロン LUNASOL,マッサージ,,070-8970-7018,,-7018 お問い合わせ24時間受付中！ 公式LINEからお問い合わせ Instagram inte,神奈川県,9:00~19:00,https://lunasol.hp.peraichi.com/,lunasol.hp.peraichi.com,peraichi,40,B,peraichi
川崎こころのケアセンター,不明,,044-767-0682,info@kawasaki-pcc.com,​※電話受付時間： 9時～20時 ​ E-mai ： info@kawasaki-pcc.com T,神奈川県,,https://www.kawasaki-pcc.com/,www.kawasaki-pcc.com,wix,40,B,wix
toto-raku | ハイパーエナジーセラピー導入のプライベートサロン,エステ,,070-3841-5321,,-5321 About 自律神経を整えることで 不調に根本からアプローチ 「整えること」で、わたしを,神奈川県,,https://www.toto-raku.jp/,www.toto-raku.jp,wordpress,40,B,wordpress
kokoronoclinic,不明,,044-733-9510,kclinic@star7.jpへの空メールの送信からでも会員登録,受付時間は心のクリニック武蔵小杉の開院時間に準ずる 心のクリニック・カウンセリングルームまで。 お願,神奈川県,,https://kokoronoclinic.net/musashikosugi/counseling/,kokoronoclinic.net,wordpress,40,B,wordpress
city,不明,,07206811910,,/Root 213 0 R/Size 363/Type/XRef/W[1 3 1]>>stream,川崎市,,https://www.city.kawasaki.jp/170/cmsfiles/contents/0000054/54365/2014.3kawasakishi-hensen.pdf,www.city.kawasaki.jp,custom,40,B,no_pricing; no_booking; no_access; no_profile
